Id,Created_at,Text
Id,Created_at,Text
Id,Created_at,Text
Id,Created_at,Text
Id,Created_at,Text
Id,Created_at,Text
Id,Created_at,Text
Id,Created_at,Text
Id,Created_at,Text
Id,Created_at,Text
Id,Created_at,Text
Id,Created_at,Text
Id,Created_at,Text
Id,Created_at,Text
Id,Created_at,Text
Id,Created_at,Text
Id,Created_at,Text
Id,Created_at,Text
Id,Created_at,Text
Id,Created_at,Text
Id,Created_at,Text
Id,Created_at,Text
Id,Created_at,Text
Id,Created_at,Text
Id,Created_at,Text
Id,Created_at,Text
Id,Created_at,Text
Id,Created_at,Text
Id,Created_at,Text
Id,Created_at,Text
Id,Created_at,Text
Id,Created_at,Text
